OrderId,UserId,ProductIds
1,2,[2]
2,2,"[40, 31, 13]"
3,2,[115]
4,2,"[10, 109, 99, 3, 2]"
5,2,[30]
6,2,"[104, 110]"
7,2,[107]
8,2,"[117, 113]"
9,2,"[84, 31, 100, 109, 50]"
10,2,[120]
11,12,"[71, 50, 14, 30]"
12,23,[10]
13,26,[80]
14,24,"[41, 123, 3, 118, 101]"
15,9,"[10, 107, 51, 125]"
16,25,"[22, 117, 5, 3, 114]"
17,16,"[10, 126, 31]"
18,8,"[50, 101, 112, 125]"
19,25,"[81, 80]"
20,15,"[116, 115, 113]"
21,6,"[112, 20, 106, 118, 40]"
22,12,"[82, 50, 112, 116]"
23,16,"[125, 121, 4]"
24,16,[123]
25,22,"[50, 5, 30, 108]"
26,22,"[113, 103]"
27,27,"[14, 41, 13, 40]"
28,18,"[99, 109, 83, 81, 31]"
29,10,"[103, 10, 120, 4, 127]"
30,9,"[112, 20]"
31,29,"[5, 82, 110, 101, 105]"
32,18,"[127, 1, 115, 118, 12]"
33,19,"[12, 51, 99]"
34,12,"[1, 118, 128, 41]"
35,13,"[11, 127, 112, 61, 125]"
36,14,"[81, 120]"
37,12,"[121, 105, 1, 110, 70]"
38,33,[12]
39,25,"[40, 4, 128]"
40,7,[118]
41,33,[120]
42,10,"[114, 102]"
43,12,"[105, 127, 110]"
44,29,"[106, 120]"
45,14,"[83, 114, 113]"
46,25,"[105, 100, 12, 40]"
47,16,[71]
48,3,"[107, 31, 109, 1, 5]"
49,5,"[5, 3]"
50,23,[104]
51,17,"[114, 103, 30]"
52,10,"[108, 102, 40, 122, 123]"
53,28,"[11, 114]"
54,29,"[99, 84, 101]"
55,5,[4]
56,27,"[123, 127, 11]"
57,17,"[22, 106]"
58,30,"[99, 21]"
59,19,"[40, 127, 5, 100]"
60,8,[113]
61,2,[120]
62,17,"[84, 103]"
63,32,"[127, 83]"
64,5,"[82, 1]"
65,26,"[122, 101, 51]"
66,29,"[114, 117, 103, 14, 22]"
67,20,"[4, 109]"
68,5,"[4, 109, 102]"
69,12,[104]
70,7,"[5, 110]"
71,6,"[83, 12]"
72,17,"[110, 3, 111, 10, 84]"
73,22,"[30, 114, 117]"
74,22,"[41, 83]"
75,10,"[101, 70, 120]"
76,6,[101]
77,8,[106]
78,15,"[41, 13, 80, 128, 5]"
79,17,"[51, 20, 100]"
80,21,"[123, 113, 105, 1, 114]"
81,21,[128]
82,10,"[12, 128, 11]"
83,11,"[51, 110, 30]"
84,23,"[115, 112]"
85,18,"[103, 41, 126, 4, 10]"
86,29,"[3, 1, 71]"
87,10,"[20, 119, 100]"
88,29,"[1, 12, 5, 128, 116]"
89,11,"[3, 125, 81, 109, 107]"
90,11,"[13, 3, 61, 81]"
91,4,"[30, 115, 40]"
92,8,"[121, 107, 128]"
93,28,"[119, 14, 40, 127, 20]"
94,13,"[2, 21, 119, 71]"
95,28,"[50, 20]"
96,8,"[127, 3, 126, 102]"
97,16,"[124, 101]"
98,24,"[124, 122, 127]"
99,16,"[2, 114]"
100,14,"[71, 50, 127, 5]"
101,19,"[113, 104, 83]"
102,23,[12]
103,18,"[109, 41]"
104,4,[110]
105,29,"[118, 122, 70]"
106,29,"[104, 12, 82, 108, 22]"
107,18,[117]
108,29,[105]
109,14,"[99, 5, 114]"
110,23,"[70, 114, 126, 12, 118]"
111,21,"[61, 114, 84, 70, 83]"
112,20,"[13, 22, 84, 114, 82]"
113,13,"[108, 61, 83, 107, 125]"
114,2,"[51, 30, 99]"
115,22,"[100, 115, 30, 104]"
116,32,"[114, 10]"
117,20,"[114, 112, 111, 71, 10]"
118,17,"[31, 123, 22]"
119,11,[3]
120,17,"[111, 126, 121, 5]"
121,31,"[128, 112, 108, 22]"
122,26,"[83, 40, 14, 113]"
123,2,[121]
124,29,"[21, 123]"
125,31,[107]
126,17,[101]
127,10,"[114, 105, 107, 110]"
128,22,"[111, 124, 118, 104]"
129,29,"[100, 20, 119, 127, 102]"
130,30,"[120, 40, 125]"
131,19,"[103, 112, 40, 50, 100]"
132,6,"[40, 50, 71]"
133,22,"[10, 13, 14, 31, 82]"
134,11,"[5, 84]"
135,28,"[106, 101, 84]"
136,5,"[125, 84]"
137,26,"[116, 2, 126, 128, 120]"
138,26,"[1, 80, 61, 120]"
139,26,"[106, 119, 123, 110]"
140,16,"[31, 50, 99, 103]"
141,3,"[71, 114, 115, 123]"
142,27,"[125, 101]"
143,10,"[106, 2, 83, 109, 108]"
144,3,[113]
145,29,"[127, 101]"
146,13,[41]
147,26,"[30, 101, 70]"
148,23,"[50, 120, 125, 84]"
149,18,[102]
150,3,"[4, 80, 31, 113, 5]"
151,4,[40]
152,14,[111]
153,11,"[13, 102]"
154,9,"[30, 101, 116, 41, 121]"
155,25,"[110, 119]"
156,9,"[61, 11]"
157,3,"[108, 115, 82]"
158,27,"[5, 109]"
159,17,[116]
160,21,"[123, 12, 122, 108, 3]"
161,24,"[99, 114, 81, 5, 104]"
162,23,[126]
163,28,"[11, 99, 81, 112]"
164,31,"[99, 21]"
165,19,"[123, 106, 121, 102, 101]"
166,29,"[50, 70, 126, 40, 125]"
167,7,"[128, 100, 40]"
168,31,"[111, 114, 82, 71, 2]"
169,33,"[21, 103, 30]"
170,24,"[71, 50, 128]"
171,19,"[1, 105, 22, 10, 40]"
172,28,"[107, 120, 40, 116]"
173,32,"[100, 122, 2, 10]"
174,20,"[83, 116]"
175,17,"[114, 109, 81]"
176,32,"[105, 80, 99, 119, 107]"
177,23,"[116, 101, 50]"
178,21,"[31, 12, 118]"
179,14,"[12, 119, 106]"
180,13,"[30, 119]"
181,32,"[118, 109, 120]"
182,20,[125]
183,14,"[31, 81, 21]"
184,21,[117]
185,10,"[3, 4, 107]"
186,20,"[112, 127]"
187,33,[127]
188,2,"[51, 102, 100, 71, 21]"
189,5,"[127, 102, 12]"
190,6,"[103, 5, 108, 112]"
191,5,"[14, 123]"
192,21,[40]
193,9,"[120, 84, 110, 122, 111]"
194,16,"[82, 100, 61, 127, 109]"
195,29,"[108, 111, 4]"
196,8,"[112, 30]"
197,18,[20]
198,17,"[107, 5]"
199,12,[84]
200,30,"[102, 51, 3, 31, 117]"
