"Id","CategoryId","BrandId","Name","Slug","DiscountPercent","Status","BasePrice","Description","Overview","Specs","TotalSold","CreatedAt","UpdatedAt","AverageRating","TotalReviews"
"1","1","1","Dell XPS 13","dell-xps-13","0","available","25990000.00","Dell XPS 13 với màn hình InfinityEdge, Intel Core thế hệ mới, vỏ nhôm nguyên khối cao cấp.","Sản phẩm hiện đại dành cho doanh nhân Alpha male.","[{""Name"":""CPU"",""Value"":[""Intel i5"",""Intel i7""]},{""Name"":""Color"",""Value"":[""Black"",""Red""]},{""Name"":""Hệ điều hành"",""Value"":[""Windows 11 Home""]},{""Name"":""RAM"",""Value"":[""16GB"",""32GB""]},{""Name"":""Screen Size"",""Value"":[""15 inch""]},{""Name"":""Storage"",""Value"":[""1TB SSD""]}]","4","2025-01-15 10:00:00+00","2025-12-30 05:49:08.911844+00","0","0"
"2","1","2","MacBook Air M2","macbook-air-m2",,"available","28990000.00","MacBook Air M2 13.6 inch, màn hình Liquid Retina, hiệu năng vượt trội, pin 18 giờ.","MacBook Air với chip M2 mạnh mẽ, pin trâu, thiết kế sang trọng.","[{""Name"":""Color"",""Value"":[""Silver""]},{""Name"":""RAM"",""Value"":[""16GB"",""8GB""]},{""Name"":""Storage"",""Value"":[""256GB SSD"",""512GB SSD""]}]","1","2025-01-15 10:00:00+00","2025-12-30 05:49:08.911844+00","0","0"
"3","1","3","Asus ZenBook 14 OLED","asus-zenbook-14-oled","0","available","22490000.00","Asus ZenBook 14 OLED màn hình 2.8K, Intel Core i5/i7 thế hệ mới, mỏng nhẹ 1.39kg.","Ultrabook với màn hình OLED tuyệt đẹp, hiệu năng cao.","[{""Name"":""CPU"",""Value"":[""Intel i7""]},{""Name"":""Color"",""Value"":[""Silver""]},{""Name"":""GPU"",""Value"":[""RTX 4060""]},{""Name"":""Hệ điều hành"",""Value"":[""Windows 11 Home""]},{""Name"":""Screen Size"",""Value"":[""17 inch""]},{""Name"":""Warranty Period"",""Value"":[""24""]},{""Name"":""Ổ cứng"",""Value"":[""512GB SSD NVMe""]}]","3","2025-01-15 10:00:00+00","2025-12-30 05:49:08.911844+00","0","0"
"4","1","4","HP Spectre x360 14","hp-spectre-x360-14","0","Active","42990000.00","HP Spectre x360 14 màn hình OLED cảm ứng, Intel Core i7, hỗ trợ bút stylus.","Laptop xoay 360° cao cấp, màn hình cảm ứng, thiết kế sang trọng.","[{""Name"":""CPU"",""Value"":[""Intel Core i5-1335U"",""Intel Core i7-1355U""]},{""Name"":""Hệ điều hành"",""Value"":[""Windows 11 Home""]},{""Name"":""Màn hình"",""Value"":[""13.5 inch OLED cảm ứng"",""3:2 (3000x2000)"",""400 nits""]},{""Name"":""RAM"",""Value"":[""16GB LPDDR4x"",""8GB LPDDR4x""]},{""Name"":""Xoay 360°"",""Value"":[""Có - Chế độ Tablet""]},{""Name"":""Ổ cứng"",""Value"":[""1TB SSD NVMe"",""512GB SSD NVMe""]}]","0","2025-01-15 10:00:00+00","2025-12-30 05:49:08.911844+00","0","0"
"5","1","5","Lenovo ThinkPad X1 Carbon Gen 11","thinkpad-x1-carbon-gen11",,"available","48990000.00","ThinkPad X1 Carbon Gen 11 với màn hình 2.8K, Intel Core thế hệ 13, vỏ carbon siêu nhẹ.","Laptop doanh nghiệp cao cấp, bền bỉ, bảo mật tốt.","[{""Name"":""Màn hình"",""Value"":[""14 inch 2.8K (2880x1800)"",""Low Blue Light""]},{""Name"":""CPU"",""Value"":[""Intel Core i5-1335U"",""Intel Core i7-1355U""]},{""Name"":""RAM"",""Value"":[""16GB LPDDR5""]},{""Name"":""Ổ cứng"",""Value"":[""512GB SSD NVMe"",""1TB SSD NVMe""]},{""Name"":""Bảo mật"",""Value"":[""Vân tay"",""TPM 2.0"",""Webcam Privacy Shutter""]},{""Name"":""Hệ điều hành"",""Value"":[""Windows 11 Pro""]}]","0","2025-01-15 10:00:00+00","2025-01-15 10:00:00+00","0","0"
"10","2","2","iPhone 15 Pro Max","iphone-15-pro-max","0","available","33990000.00","iPhone 15 Pro Max 256GB với Dynamic Island, Always-On Display, camera zoom 5x.","iPhone cao cấp nhất với khung Titanium, camera 48MP, chip A17 Pro.","[{""Name"":""Color"",""Value"":[""Black"",""Silver""]},{""Name"":""Storage"",""Value"":[""128GB"",""256GB""]}]","2","2025-01-15 10:00:00+00","2025-12-30 05:49:08.911844+00","0","0"
"11","2","6","Samsung Galaxy S24 Ultra","samsung-galaxy-s24-ultra",,"available","29990000.00","Galaxy S24 Ultra 256GB Snapdragon 8 Gen 3, màn hình 6.8 inch, pin 5000mAh.","Android flagship với S Pen, camera 200MP, màn hình Dynamic AMOLED 2X.","[{""Name"":""Color"",""Value"":[""Blue""]},{""Name"":""Storage"",""Value"":[""256GB""]}]","0","2025-01-15 10:00:00+00","2025-12-30 05:49:08.911844+00","0","0"
"12","2","7","Google Pixel 8 Pro","google-pixel-8-pro",,"available","24990000.00","Pixel 8 Pro 256GB Tensor G3, camera AI ma thuật, màn hình LTPO OLED 120Hz.","Điện thoại AI với camera thông minh nhất, cập nhật 7 năm.","[{""Name"":""Color"",""Value"":[""Black"",""Silver""]},{""Name"":""Storage"",""Value"":[""128GB"",""256GB""]}]","0","2025-01-15 10:00:00+00","2025-12-30 05:49:08.911844+00","0","0"
"13","2","8","Xiaomi 14","xiaomi-14",,"available","18990000.00","Xiaomi 14 Snapdragon 8 Gen 3, màn hình AMOLED 120Hz, camera Leica Summilux.","Flagship Xiaomi với camera Leica, hiệu năng mạnh mẽ, giá tốt.","[{""Name"":""Resolution"",""Value"":[""4K""]},{""Name"":""Screen Size"",""Value"":[""27 inch""]}]","0","2025-01-15 10:00:00+00","2025-12-30 05:49:08.911844+00","0","0"
"14","2","9","OnePlus 12","oneplus-12",,"available","19990000.00","OnePlus 12 Snapdragon 8 Gen 3, màn hình 120Hz, pin 5400mAh sạc siêu nhanh.","Flagship killer với sạc nhanh 100W, màn hình LTPO AMOLED.","[{""Name"":""Connection Type"",""Value"":[""Wireless""]},{""Name"":""Switch Type"",""Value"":[""Red""]}]","0","2025-01-15 10:00:00+00","2025-12-30 05:49:08.911844+00","0","0"
"20","3","2","iPad Pro M2 11 inch","ipad-pro-m2-11",,"available","24990000.00","iPad Pro 11 inch M2 với ProMotion 120Hz, hỗ trợ Apple Pencil 2 và Magic Keyboard.","Máy tính bảng mạnh nhất với chip M2, màn hình Liquid Retina XDR.","[{""Name"":""Connection Type"",""Value"":[""Wireless""]},{""Name"":""DPI"",""Value"":[""800""]}]","0","2025-01-15 10:00:00+00","2025-12-30 05:49:08.911844+00","0","0"
"21","3","6","Samsung Galaxy Tab S9","samsung-galaxy-tab-s9",,"available","19990000.00","Galaxy Tab S9 11 inch Snapdragon 8 Gen 2, kháng nước IP68, S Pen kèm theo.","Tablet Android cao cấp với màn hình Dynamic AMOLED 2X, S Pen.","[{""Name"":""Connection Type"",""Value"":[""Bluetooth""]},{""Name"":""Type"",""Value"":[""Over-Ear""]}]","0","2025-01-15 10:00:00+00","2025-12-30 05:49:08.911844+00","0","0"
"22","3","8","Xiaomi Pad 6","xiaomi-pad-6",,"available","8990000.00","Xiaomi Pad 6 11 inch Snapdragon 870, màn hình LCD 144Hz, pin 8840mAh.","Tablet tầm trung với màn hình 144Hz, loa 4 kênh Dolby Atmos.","[{""Name"":""Connector Type"",""Value"":[""USB-C""]},{""Name"":""Power Output (W)"",""Value"":[""65""]}]","0","2025-01-15 10:00:00+00","2025-12-30 05:49:08.911844+00","0","0"
"30","8","1","Dell UltraSharp U2723DE","dell-ultrasharp-u2723de",,"available","17990000.00","Dell U2723DE 27 inch QHD IPS Black, độ chính xác màu cao cho thiết kế đồ họa.","Màn hình 27 inch QHD IPS, độ phủ màu 95% DCI-P3, USB-C 90W.","[{""Name"":""Device Type"",""Value"":[""IPhone 17""]},{""Name"":""Material"",""Value"":[""Silicone""]},{""Name"":""Shock Resistant"",""Value"":[""Yes""]}]","0","2025-01-15 10:00:00+00","2025-12-30 05:49:08.911844+00","0","0"
"31","8","10","LG UltraGear 27GN800-B","lg-ultragear-27gn800",,"available","8490000.00","LG 27GN800 27 inch QHD IPS 144Hz, thời gian phản hồi 1ms, HDR10.","Màn hình gaming 27 inch QHD 144Hz, tấm nền IPS Nano, G-Sync.","[{""Name"":""Kích thước"",""Value"":[""27 inch""]},{""Name"":""Độ phân giải"",""Value"":[""QHD 2560x1440""]},{""Name"":""Tấm nền"",""Value"":[""IPS Nano Color""]},{""Name"":""Tần số quét"",""Value"":[""144Hz""]},{""Name"":""Cổng kết nối"",""Value"":[""HDMI 2.0 x2"",""DisplayPort 1.4""]},{""Name"":""Đồng bộ"",""Value"":[""G-Sync Compatible"",""FreeSync Premium""]}]","0","2025-01-15 10:00:00+00","2025-01-15 10:00:00+00","0","0"
"40","13","11","Logitech MX Keys","logitech-mx-keys",,"available","2990000.00","Logitech MX Keys với phím Perfect Stroke, kết nối multi-device, pin 10 ngày.","Bàn phím không dây cao cấp cho văn phòng, đèn nền thông minh.","[{""Name"":""Kiểu kết nối"",""Value"":[""Bluetooth"",""USB Receiver""]},{""Name"":""Layout"",""Value"":[""Full-size""]},{""Name"":""Đèn nền"",""Value"":[""Có - Tự động điều chỉnh""]},{""Name"":""Pin"",""Value"":[""Sạc USB-C - 10 ngày với đèn""]},{""Name"":""Multi-device"",""Value"":[""3 thiết bị""]}]","0","2025-01-15 10:00:00+00","2025-01-15 10:00:00+00","0","0"
"41","13","12","Razer BlackWidow V4 Pro","razer-blackwidow-v4-pro",,"available","5990000.00","Razer BlackWidow V4 Pro với Command Dial, switch cơ học, RGB per-key.","Bàn phím cơ gaming cao cấp RGB Chroma, switch Green Clicky.","[{""Name"":""Kiểu"",""Value"":[""Cơ học""]},{""Name"":""Switch"",""Value"":[""Razer Green Clicky""]},{""Name"":""Đèn nền"",""Value"":[""RGB Chroma per-key""]},{""Name"":""Kết nối"",""Value"":[""USB Type-C có dây""]},{""Name"":""Tính năng"",""Value"":[""Command Dial"",""Media keys""]}]","0","2025-01-15 10:00:00+00","2025-01-15 10:00:00+00","0","0"
"50","14","11","Logitech MX Master 3S","logitech-mx-master-3s",,"available","2490000.00","Logitech MX Master 3S với MagSpeed Wheel, kết nối multi-device, pin 70 ngày.","Chuột không dây ergonomic cho năng suất cao, sensor 8K DPI.","[{""Name"":""Sensor"",""Value"":[""Darkfield 8000 DPI""]},{""Name"":""Kết nối"",""Value"":[""Bluetooth"",""USB Receiver""]},{""Name"":""Pin"",""Value"":[""70 ngày""]},{""Name"":""Số nút"",""Value"":[""7 nút có thể tùy chỉnh""]},{""Name"":""Multi-device"",""Value"":[""3 thiết bị""]}]","0","2025-01-15 10:00:00+00","2025-01-15 10:00:00+00","0","0"
"51","14","12","Razer Viper V2 Pro","razer-viper-v2-pro",,"available","3990000.00","Razer Viper V2 Pro với HyperSpeed Wireless, optical switch Gen 3, pin 80 giờ.","Chuột gaming không dây siêu nhẹ 58g, sensor Focus Pro 30K.","[{""Name"":""Sensor"",""Value"":[""Focus Pro 30K DPI""]},{""Name"":""Trọng lượng"",""Value"":[""58g""]},{""Name"":""Kết nối"",""Value"":[""HyperSpeed Wireless 2.4GHz""]},{""Name"":""Pin"",""Value"":[""80 giờ""]},{""Name"":""Switch"",""Value"":[""Optical Gen 3""]}]","0","2025-01-15 10:00:00+00","2025-01-15 10:00:00+00","0","0"
"61","15","2","Apple AirPods Pro 2","apple-airpods-pro-2",,"available","6490000.00","AirPods Pro 2 với Adaptive Audio, Transparency Mode, case sạc MagSafe và loa tìm kiếm.","Tai nghe true wireless với ANC tốt nhất, chip H2, sạc MagSafe.","[{""Name"":""Kiểu"",""Value"":[""In-ear True Wireless""]},{""Name"":""Chip"",""Value"":[""Apple H2""]},{""Name"":""ANC"",""Value"":[""Có - Adaptive""]},{""Name"":""Pin"",""Value"":[""6 giờ tai nghe"",""30 giờ với case""]},{""Name"":""Sạc"",""Value"":[""MagSafe"",""USB-C"",""Apple Watch charger""]},{""Name"":""Kháng nước"",""Value"":[""IPX4""]}]","12","2025-01-15 10:00:00+00","2025-12-27 10:25:36.394453+00","0","0"
"70","16","14","Anker 747 GaNPrime 150W","anker-747-ganprime-150w",,"available","2490000.00","Anker 747 Charger với công nghệ GaN, ActiveShield 2.0, sạc laptop, điện thoại đồng thời.","Sạc nhanh GaN 150W, 4 cổng (3 USB-C + 1 USB-A), sạc cùng lúc 4 thiết bị.","[{""Name"":""Công suất"",""Value"":[""150W tối đa""]},{""Name"":""Cổng"",""Value"":[""3x USB-C (100W+45W+45W)"",""1x USB-A (22.5W)""]},{""Name"":""Công nghệ"",""Value"":[""GaN III"",""ActiveShield 2.0""]},{""Name"":""Điện áp"",""Value"":[""100-240V""]},{""Name"":""Bảo vệ"",""Value"":[""Quá nhiệt"",""Quá dòng"",""Ngắn mạch""]}]","0","2025-01-15 10:00:00+00","2025-01-15 10:00:00+00","0","0"
"71","16","15","Baseus 100W USB-C Cable 2m","baseus-100w-usb-c-cable",,"available","290000.00","Baseus 100W Cable với E-Marker chip, hỗ trợ PD 3.0, QC 4.0, data transfer 480Mbps.","Cáp sạc nhanh USB-C to USB-C 100W, dây bện nylon bền, dài 2m.","[{""Name"":""Chiều dài"",""Value"":[""2 mét""]},{""Name"":""Đầu nối"",""Value"":[""USB-C to USB-C""]},{""Name"":""Vật liệu"",""Value"":[""Nylon braided + Zinc alloy""]},{""Name"":""Công suất"",""Value"":[""100W (20V/5A)""]},{""Name"":""Tốc độ dữ liệu"",""Value"":[""480Mbps""]}]","0","2025-01-15 10:00:00+00","2025-01-15 10:00:00+00","0","0"
"80","17","16","Spigen Rugged Armor iPhone 15 Pro","spigen-rugged-armor-iphone-15-pro",,"available","490000.00","Spigen Rugged Armor với vật liệu TPU mềm, viền chống trầy, tản nhiệt tốt.","Ốp lưng chống sốc cho iPhone 15 Pro, thiết kế Carbon Fiber.","[{""Name"":""Vật liệu"",""Value"":[""TPU dẻo""]},{""Name"":""Chống sốc"",""Value"":[""Có - Air Cushion Technology""]},{""Name"":""Tương thích"",""Value"":[""iPhone 15 Pro (6.1 inch)""]},{""Name"":""Thiết kế"",""Value"":[""Carbon Fiber texture""]},{""Name"":""Viền camera"",""Value"":[""Nổi bảo vệ camera""]}]","4","2025-01-15 10:00:00+00","2025-12-22 17:50:51.483417+00","0","0"
"81","17","17","Tomtoc Laptop Sleeve 13-14 inch","tomtoc-laptop-sleeve-13-14",,"available","790000.00","Tomtoc 360° Protective Laptop Sleeve với CornerArmor bảo vệ góc, YKK zipper.","Túi chống sốc laptop 13-14 inch, lót CornerArmor, chống nước.","[{""Name"":""Vật liệu"",""Value"":[""Ballistic Nylon 1680D""]},{""Name"":""Kích thước"",""Value"":[""13-14 inch laptops""]},{""Name"":""Chống nước"",""Value"":[""Có - Lớp phủ water-resistant""]},{""Name"":""Lót đệm"",""Value"":[""CornerArmor + Foam padding""]},{""Name"":""Khóa kéo"",""Value"":[""YKK RC Fuse""]}]","0","2025-01-15 10:00:00+00","2025-01-15 10:00:00+00","0","0"
"82","3","6","Sting","string","0","available","7990000.00","sting daau","tra dau size L","[{""Name"":""Color"",""Value"":[""Red"",""Silver""]},{""Name"":""Screen Size"",""Value"":[""11 inch"",""9 inch""]},{""Name"":""Storage"",""Value"":[""32GB"",""64GB""]}]","0","2025-12-06 16:39:33.349+00","2025-12-30 05:49:08.911844+00","0","0"
"83","5","11","SBTC","sbtc","0","available","200000.00",,"Song bang tinh cam","{}","0","2025-12-22 09:58:54.856664+00","2025-12-26 13:56:36.994806+00","0","0"
"84","5","10","Web languages","vibe-coding","0","available","7999000.00",,,"[{""Name"":""Color"",""Value"":[""Black""]},{""Name"":""Lens"",""Value"":[""2x""]},{""Name"":""Warranty Period"",""Value"":[""12""]}]","0","2025-12-28 00:02:50.125481+00","2025-12-30 05:49:08.911844+00","0","0"
"99","1","3","Laptop Asus Vivobook S14 S3407CA-LY068WS (Ultra 5-225H/ 16GB/ 512GB/ Windows 11 + Office + Microsoft)","laptop-asus-vivobook-s14-s3407ca-ly068ws","0","available","19990000.00","","","[{""Name"":""CPU"",""Value"":[""Intel i5""]},{""Name"":""GPU"",""Value"":[""GTX 1650""]},{""Name"":""RAM"",""Value"":[""8GB""]},{""Name"":""Screen Size"",""Value"":[""15 inch""]},{""Name"":""Storage"",""Value"":[""512GB SSD""]}]","0","2025-12-30 04:26:27.293359+00","2025-12-30 05:49:08.911844+00","0","0"
"100","1","5","Laptop Lenovo IdeaPad Slim 3 15ARP10 - 83K700GDVN (R5 7535HS/ 16GB/ 512GB/ Windows 11)","laptop-lenovo-ideapad-slim-3-15arp10-83k700gdvn","0","available","17990000.00","","","[{""Name"":""CPU"",""Value"":[""Intel i5"",""Intel i7""]},{""Name"":""GPU"",""Value"":[""GTX 1650"",""RTX 4060""]},{""Name"":""RAM"",""Value"":[""16GB"",""8GB""]},{""Name"":""Screen Size"",""Value"":[""15 inch"",""17 inch""]},{""Name"":""Storage"",""Value"":[""1TB SSD"",""512GB SSD""]}]","0","2025-12-30 04:26:27.293359+00","2025-12-30 05:49:08.911844+00","0","0"
"101","1","1","Laptop Dell 15 DC15250 - CPH99 (i5-1334U/ 16GB/ 512GB/ Windows 11 + Office)","laptop-dell-15-dc15250-cph99","0","available","20990000.00","","","[{""Name"":""CPU"",""Value"":[""Intel i5"",""Intel i7""]},{""Name"":""GPU"",""Value"":[""GTX 1650"",""RTX 4060""]},{""Name"":""RAM"",""Value"":[""16GB"",""8GB""]},{""Name"":""Screen Size"",""Value"":[""15 inch"",""17 inch""]},{""Name"":""Storage"",""Value"":[""1TB SSD"",""512GB SSD""]}]","0","2025-12-30 04:26:27.293359+00","2025-12-30 05:49:08.911844+00","0","0"
"102","1","4","Laptop HP Victus 15 fa2731TX (B85LNPA) (i5-13420H/ GeForce RTX™ 3050/ 16GB/ 512GB/ Windows 11)","laptop-hp-victus-15-fa2731tx-b85lnpa","0","available","25990000.00","","","[{""Name"":""CPU"",""Value"":[""Intel i5"",""Intel i7""]},{""Name"":""GPU"",""Value"":[""GTX 1650"",""RTX 4060""]},{""Name"":""RAM"",""Value"":[""16GB"",""8GB""]},{""Name"":""Screen Size"",""Value"":[""15 inch"",""17 inch""]},{""Name"":""Storage"",""Value"":[""1TB SSD"",""512GB SSD""]}]","0","2025-12-30 04:26:27.293359+00","2025-12-30 05:49:08.911844+00","0","0"
"103","1","4","Laptop HP 15-fc0656AU - C81NHPA (Ryzen 5 7430U/ 16GB/ 512GB/ Windows 11)","laptop-hp-15-fc0656au-c81nhpa","0","available","14990000.00","","","[{""Name"":""CPU"",""Value"":[""Intel i5"",""Intel i7""]},{""Name"":""GPU"",""Value"":[""GTX 1650"",""RTX 4060""]},{""Name"":""RAM"",""Value"":[""16GB"",""8GB""]},{""Name"":""Screen Size"",""Value"":[""15 inch"",""17 inch""]},{""Name"":""Storage"",""Value"":[""1TB SSD"",""512GB SSD""]}]","0","2025-12-30 04:26:27.293359+00","2025-12-30 05:49:08.911844+00","0","0"
"104","1","3","Laptop Asus Vivobook 14 X1404VA-EB509W (i3-1315U/ 8GB/ 512GB/ Windows 11)","laptop-asus-vivobook-14-x1404va-eb509w","0","available","15990000.00","","","[{""Name"":""CPU"",""Value"":[""Intel i5"",""Intel i7""]},{""Name"":""GPU"",""Value"":[""GTX 1650"",""RTX 4060""]},{""Name"":""RAM"",""Value"":[""16GB"",""8GB""]},{""Name"":""Screen Size"",""Value"":[""15 inch"",""17 inch""]},{""Name"":""Storage"",""Value"":[""1TB SSD"",""512GB SSD""]}]","0","2025-12-30 04:26:27.293359+00","2025-12-30 05:49:08.911844+00","0","0"
"105","1","6","Laptop Acer Aspire 7 A715-59G-57TU (i5-12450H/ GeForce RTX™ 3050/ 16GB/ 512GB/ Windows 11)","laptop-acer-aspire-7-a715-59g-57tu","0","available","23990000.00","","","[{""Name"":""CPU"",""Value"":[""Intel i5"",""Intel i7""]},{""Name"":""GPU"",""Value"":[""GTX 1650"",""RTX 4060""]},{""Name"":""RAM"",""Value"":[""16GB"",""8GB""]},{""Name"":""Screen Size"",""Value"":[""15 inch"",""17 inch""]},{""Name"":""Storage"",""Value"":[""1TB SSD"",""512GB SSD""]}]","0","2025-12-30 04:26:27.293359+00","2025-12-30 05:49:08.911844+00","0","0"
"106","1","4","Laptop HP 15-fd0823TU - C81NMPA (i7-1355U/ 16GB/ 512GB/ Windows 11)","laptop-hp-15-fd0823tu-c81nmpa","0","available","24990000.00","","","[{""Name"":""CPU"",""Value"":[""Intel i5"",""Intel i7""]},{""Name"":""GPU"",""Value"":[""GTX 1650"",""RTX 4060""]},{""Name"":""RAM"",""Value"":[""16GB"",""8GB""]},{""Name"":""Screen Size"",""Value"":[""15 inch"",""17 inch""]},{""Name"":""Storage"",""Value"":[""1TB SSD"",""512GB SSD""]}]","0","2025-12-30 04:26:27.293359+00","2025-12-30 05:49:08.911844+00","0","0"
"107","1","7","Laptop Msi Modern 15 F13MG-667VN_16G (i5-1334U/ 16GB/ 512GB/ Windows 11)","laptop-msi-modern-15-f13mg-667vn-16g","0","available","19990000.00","","","[{""Name"":""CPU"",""Value"":[""Intel i5"",""Intel i7""]},{""Name"":""GPU"",""Value"":[""GTX 1650"",""RTX 4060""]},{""Name"":""RAM"",""Value"":[""16GB"",""8GB""]},{""Name"":""Screen Size"",""Value"":[""15 inch"",""17 inch""]},{""Name"":""Storage"",""Value"":[""1TB SSD"",""512GB SSD""]}]","0","2025-12-30 04:26:27.293359+00","2025-12-30 05:49:08.911844+00","0","0"
"108","1","4","Laptop HP Victus 15-fb3116AX - BX8U4PA (Ryzen 7 7445HS/ GeForce RTX™ 3050/ 16GB/ 512GB/ Windows 11)","laptop-hp-victus-15-fb3116ax-bx8u4pa","0","available","26990000.00","","","[{""Name"":""CPU"",""Value"":[""Intel i5"",""Intel i7""]},{""Name"":""GPU"",""Value"":[""GTX 1650"",""RTX 4060""]},{""Name"":""RAM"",""Value"":[""16GB"",""8GB""]},{""Name"":""Screen Size"",""Value"":[""15 inch"",""17 inch""]},{""Name"":""Storage"",""Value"":[""1TB SSD"",""512GB SSD""]}]","0","2025-12-30 04:26:27.293359+00","2025-12-30 05:49:08.911844+00","0","0"
"109","1","6","Laptop Aspire Lite 15 AL15-41P-R3U5 (Ryzen 7 5700U/ 16GB/ 512GB/ Windows 11)","laptop-aspire-lite-15-al15-41p-r3u5","0","available","15990000.00","","","[{""Name"":""CPU"",""Value"":[""Intel i5"",""Intel i7""]},{""Name"":""GPU"",""Value"":[""GTX 1650"",""RTX 4060""]},{""Name"":""RAM"",""Value"":[""16GB"",""8GB""]},{""Name"":""Screen Size"",""Value"":[""15 inch"",""17 inch""]},{""Name"":""Storage"",""Value"":[""1TB SSD"",""512GB SSD""]}]","0","2025-12-30 04:26:27.293359+00","2025-12-30 05:49:08.911844+00","0","0"
"110","1","3","Laptop Asus TUF Gaming F16 FX607VU-RL045W (Core 5 210H/ GeForce RTX™ 4050/ 16GB/ 512GB/ Windows 11)","laptop-asus-tuf-gaming-f16-fx607vu-rl045w","0","available","29990000.00","","","[{""Name"":""CPU"",""Value"":[""Intel i5"",""Intel i7""]},{""Name"":""GPU"",""Value"":[""GTX 1650"",""RTX 4060""]},{""Name"":""RAM"",""Value"":[""16GB"",""8GB""]},{""Name"":""Screen Size"",""Value"":[""15 inch"",""17 inch""]},{""Name"":""Storage"",""Value"":[""1TB SSD"",""512GB SSD""]}]","0","2025-12-30 04:26:27.293359+00","2025-12-30 05:49:08.911844+00","0","0"
"111","1","6","Laptop Aspire Lite 15 AL15-72P-581V (i5-13500H/ 16GB/ 512GB/ Windows 11)","laptop-aspire-lite-15-al15-72p-581v","0","available","18990000.00","","","[{""Name"":""CPU"",""Value"":[""Intel i5"",""Intel i7""]},{""Name"":""GPU"",""Value"":[""GTX 1650"",""RTX 4060""]},{""Name"":""RAM"",""Value"":[""16GB"",""8GB""]},{""Name"":""Screen Size"",""Value"":[""15 inch"",""17 inch""]},{""Name"":""Storage"",""Value"":[""1TB SSD"",""512GB SSD""]}]","0","2025-12-30 04:26:27.293359+00","2025-12-30 05:49:08.911844+00","0","0"
"112","1","4","Laptop HP 15-fd0304TU - A2NL5PA (i3-1315U/ 8GB/ 512GB/ Windows 11)","laptop-hp-15-fd0304tu-a2nl5pa","0","available","13500000.00","","","[{""Name"":""CPU"",""Value"":[""Intel i5"",""Intel i7""]},{""Name"":""GPU"",""Value"":[""GTX 1650"",""RTX 4060""]},{""Name"":""RAM"",""Value"":[""16GB"",""8GB""]},{""Name"":""Screen Size"",""Value"":[""15 inch"",""17 inch""]},{""Name"":""Storage"",""Value"":[""1TB SSD"",""512GB SSD""]}]","0","2025-12-30 04:26:27.293359+00","2025-12-30 05:49:08.911844+00","0","0"
"113","1","3","Laptop Asus Vivobook Go 14 E1404FA-EB482W (Ryzen 5 7520U/ 16GB/ 512GB/ Windows 11)","laptop-asus-vivobook-go-14-e1404fa-eb482w","0","available","16990000.00","","","[{""Name"":""CPU"",""Value"":[""Intel i5"",""Intel i7""]},{""Name"":""GPU"",""Value"":[""GTX 1650"",""RTX 4060""]},{""Name"":""RAM"",""Value"":[""16GB"",""8GB""]},{""Name"":""Screen Size"",""Value"":[""15 inch"",""17 inch""]},{""Name"":""Storage"",""Value"":[""1TB SSD"",""512GB SSD""]}]","0","2025-12-30 04:26:27.293359+00","2025-12-30 05:49:08.911844+00","0","0"
"114","1","3","Laptop Asus Vivobook 15 X1502VA-BQ886W (i7-13620H/ 16GB/ 512GB/ Windows 11)","laptop-asus-vivobook-15-x1502va-bq886w","0","available","27990000.00","","","[{""Name"":""CPU"",""Value"":[""Intel i5"",""Intel i7""]},{""Name"":""GPU"",""Value"":[""GTX 1650"",""RTX 4060""]},{""Name"":""RAM"",""Value"":[""16GB"",""8GB""]},{""Name"":""Screen Size"",""Value"":[""15 inch"",""17 inch""]},{""Name"":""Storage"",""Value"":[""1TB SSD"",""512GB SSD""]}]","0","2025-12-30 04:26:27.293359+00","2025-12-30 05:49:08.911844+00","0","0"
"115","1","4","Laptop HP 250 G10 - A06FFPT (i7-1355U/ 16GB/ 512GB/ Windows 11)","laptop-hp-250-g10-a06ffpt","0","available","18990000.00","","","[{""Name"":""CPU"",""Value"":[""Intel i5"",""Intel i7""]},{""Name"":""GPU"",""Value"":[""GTX 1650"",""RTX 4060""]},{""Name"":""RAM"",""Value"":[""16GB"",""8GB""]},{""Name"":""Screen Size"",""Value"":[""15 inch"",""17 inch""]},{""Name"":""Storage"",""Value"":[""1TB SSD"",""512GB SSD""]}]","0","2025-12-30 04:26:27.293359+00","2025-12-30 05:49:08.911844+00","0","0"
"116","1","1","Laptop Dell 15 DC15250 - CPH997 (i7-1355U/ 16GB/ 1TB/ Windows 11 + Office)","laptop-dell-15-dc15250-cph997","0","available","22990000.00","","","[{""Name"":""CPU"",""Value"":[""Intel i5"",""Intel i7""]},{""Name"":""GPU"",""Value"":[""GTX 1650"",""RTX 4060""]},{""Name"":""RAM"",""Value"":[""16GB"",""8GB""]},{""Name"":""Screen Size"",""Value"":[""15 inch"",""17 inch""]},{""Name"":""Storage"",""Value"":[""1TB SSD"",""512GB SSD""]}]","0","2025-12-30 04:26:27.293359+00","2025-12-30 05:49:08.911844+00","0","0"
"117","1","7","Laptop Msi Cyborg 15 A13UC-2088VN (i5-13420H/ GeForce RTX™ 3050/ 16GB/ 512GB/ Windows 11 Home)","laptop-msi-cyborg-15-a13uc-2088vn","0","available","21990000.00","","","[{""Name"":""CPU"",""Value"":[""Intel i5"",""Intel i7""]},{""Name"":""GPU"",""Value"":[""GTX 1650"",""RTX 4060""]},{""Name"":""RAM"",""Value"":[""16GB"",""8GB""]},{""Name"":""Screen Size"",""Value"":[""15 inch"",""17 inch""]},{""Name"":""Storage"",""Value"":[""1TB SSD"",""512GB SSD""]}]","0","2025-12-30 04:26:27.293359+00","2025-12-30 05:49:08.911844+00","0","0"
"118","1","6","Laptop Acer Aspire 5 A515-58P-702Q (i7-13620H/ 16GB/ 512GB/ Windows 11)","laptop-acer-aspire-5-a515-58p-702q","0","available","19990000.00","","","[{""Name"":""CPU"",""Value"":[""Intel i5"",""Intel i7""]},{""Name"":""GPU"",""Value"":[""GTX 1650"",""RTX 4060""]},{""Name"":""RAM"",""Value"":[""16GB"",""8GB""]},{""Name"":""Screen Size"",""Value"":[""15 inch"",""17 inch""]},{""Name"":""Storage"",""Value"":[""1TB SSD"",""512GB SSD""]}]","0","2025-12-30 04:26:27.293359+00","2025-12-30 05:49:08.911844+00","0","0"
"119","1","6","Laptop Acer Aspire Lite 14 - AL14-52M-32KV (i3-1305U/ 8GB/ 256GB/ Windows 11)","laptop-acer-aspire-lite-14-al14-52m-32kv","0","available","12990000.00","","","[{""Name"":""CPU"",""Value"":[""Intel i5"",""Intel i7""]},{""Name"":""GPU"",""Value"":[""GTX 1650"",""RTX 4060""]},{""Name"":""RAM"",""Value"":[""16GB"",""8GB""]},{""Name"":""Screen Size"",""Value"":[""15 inch"",""17 inch""]},{""Name"":""Storage"",""Value"":[""1TB SSD"",""512GB SSD""]}]","0","2025-12-30 04:26:27.293359+00","2025-12-30 05:49:08.911844+00","0","0"
"120","1","6","Laptop Acer Swift Lite 14 SFL14-51M-56HS (Ultra 5-125U/ 16GB/ 512GB/ Windows 11)","laptop-acer-swift-lite-14-sfl14-51m-56hs","0","available","16990000.00","","","[{""Name"":""CPU"",""Value"":[""Intel i5"",""Intel i7""]},{""Name"":""GPU"",""Value"":[""GTX 1650"",""RTX 4060""]},{""Name"":""RAM"",""Value"":[""16GB"",""8GB""]},{""Name"":""Screen Size"",""Value"":[""15 inch"",""17 inch""]},{""Name"":""Storage"",""Value"":[""1TB SSD"",""512GB SSD""]}]","0","2025-12-30 04:26:27.293359+00","2025-12-30 05:49:08.911844+00","0","0"
"121","1","3","Laptop Asus ExpertBook P1 P1503CVA-S71559W (Core i5-13420H/ 16GB/ 512GB/ Windows 11)","laptop-asus-expertbook-p1-p1503cva-s71559w","0","available","20990000.00","","","[{""Name"":""CPU"",""Value"":[""Intel i5"",""Intel i7""]},{""Name"":""GPU"",""Value"":[""GTX 1650"",""RTX 4060""]},{""Name"":""RAM"",""Value"":[""16GB"",""8GB""]},{""Name"":""Screen Size"",""Value"":[""15 inch"",""17 inch""]},{""Name"":""Storage"",""Value"":[""1TB SSD"",""512GB SSD""]}]","0","2025-12-30 04:26:27.293359+00","2025-12-30 05:49:08.911844+00","0","0"
"122","1","6","Laptop Acer Aspire Lite AL15-42P-R08M (Ryzen 7 7730U/ 16GB/ 512GB/ Windows 11 + Office)","laptop-acer-aspire-lite-al15-42p-r08m","0","available","17990000.00","","","[{""Name"":""CPU"",""Value"":[""Intel i5"",""Intel i7""]},{""Name"":""GPU"",""Value"":[""GTX 1650"",""RTX 4060""]},{""Name"":""RAM"",""Value"":[""16GB"",""8GB""]},{""Name"":""Screen Size"",""Value"":[""15 inch"",""17 inch""]},{""Name"":""Storage"",""Value"":[""1TB SSD"",""512GB SSD""]}]","0","2025-12-30 04:26:27.293359+00","2025-12-30 05:49:08.911844+00","0","0"
"123","1","1","Laptop Dell DC15255 - DC5R5802W1 (Ryzen 5 7530U/ 16GB/ 512GB/ Windows 11 + Office)","laptop-dell-dc15255-dc5r5802w1","0","available","15990000.00","","","[{""Name"":""CPU"",""Value"":[""Intel i5"",""Intel i7""]},{""Name"":""GPU"",""Value"":[""GTX 1650"",""RTX 4060""]},{""Name"":""RAM"",""Value"":[""16GB"",""8GB""]},{""Name"":""Screen Size"",""Value"":[""15 inch"",""17 inch""]},{""Name"":""Storage"",""Value"":[""1TB SSD"",""512GB SSD""]}]","0","2025-12-30 04:26:27.293359+00","2025-12-30 05:49:08.911844+00","0","0"
"124","1","2","Apple MacBook Air M4 13.6 inch (10CPU/ 8GPU/ 16GB/ 256GB)","apple-macbook-air-m4-13-6","0","available","40990000.00","","","[{""Name"":""CPU"",""Value"":[""Intel i5"",""Intel i7""]},{""Name"":""GPU"",""Value"":[""GTX 1650"",""RTX 4060""]},{""Name"":""RAM"",""Value"":[""16GB"",""8GB""]},{""Name"":""Screen Size"",""Value"":[""15 inch"",""17 inch""]},{""Name"":""Storage"",""Value"":[""1TB SSD"",""512GB SSD""]}]","0","2025-12-30 04:26:27.293359+00","2025-12-30 05:49:08.911844+00","0","0"
"125","1","6","Laptop Acer Aspire Lite 14 AL14-71P-55P9 (i5-13500H/ 16GB/ 512GB/ Windows 11)","laptop-acer-aspire-lite-14-al14-71p-55p9","0","available","19990000.00","","","[{""Name"":""CPU"",""Value"":[""Intel i5"",""Intel i7""]},{""Name"":""GPU"",""Value"":[""GTX 1650"",""RTX 4060""]},{""Name"":""RAM"",""Value"":[""16GB"",""8GB""]},{""Name"":""Screen Size"",""Value"":[""15 inch"",""17 inch""]},{""Name"":""Storage"",""Value"":[""1TB SSD"",""512GB SSD""]}]","0","2025-12-30 04:26:27.293359+00","2025-12-30 05:49:08.911844+00","0","0"
"126","1","2","Apple MacBook Air M2 13.6 inch (8CPU/ 8GPU/ 16GB/ 256GB)","apple-macbook-air-m2-13-6","0","available","27990000.00","","","[{""Name"":""CPU"",""Value"":[""Intel i5"",""Intel i7""]},{""Name"":""GPU"",""Value"":[""GTX 1650"",""RTX 4060""]},{""Name"":""RAM"",""Value"":[""16GB"",""8GB""]},{""Name"":""Screen Size"",""Value"":[""15 inch"",""17 inch""]},{""Name"":""Storage"",""Value"":[""1TB SSD"",""512GB SSD""]}]","0","2025-12-30 04:26:27.293359+00","2025-12-30 05:49:08.911844+00","0","0"
"127","1","3","Laptop Asus Vivobook Go 14 E1404FA-EB482W (Ryzen 5 7520U/ 16GB/ 512GB/ Windows 11)","laptop-asus-vivobook-go-14-e1404fa-eb482w-2","0","available","16990000.00","","","[{""Name"":""CPU"",""Value"":[""Intel i5"",""Intel i7""]},{""Name"":""GPU"",""Value"":[""GTX 1650"",""RTX 4060""]},{""Name"":""RAM"",""Value"":[""16GB"",""8GB""]},{""Name"":""Screen Size"",""Value"":[""15 inch"",""17 inch""]},{""Name"":""Storage"",""Value"":[""1TB SSD"",""512GB SSD""]}]","0","2025-12-30 04:26:27.293359+00","2025-12-30 05:49:08.911844+00","0","0"
"128","1","4","Laptop HP 15-fd0304TU - A2NL5PA (i3-1315U/ 8GB/ 512GB/ Windows 11) - variant","laptop-hp-15-fd0304tu-a2nl5pa-variant","0","available","13990000.00","","","[{""Name"":""CPU"",""Value"":[""Intel i5"",""Intel i7""]},{""Name"":""GPU"",""Value"":[""GTX 1650"",""RTX 4060""]},{""Name"":""RAM"",""Value"":[""16GB"",""8GB""]},{""Name"":""Screen Size"",""Value"":[""15 inch"",""17 inch""]},{""Name"":""Storage"",""Value"":[""1TB SSD"",""512GB SSD""]}]","0","2025-12-30 04:26:27.293359+00","2025-12-30 05:49:08.911844+00","0","0"