user_id,user_group
0,Student
1,Student
2,Student
3,Student
4,Student
5,Student
6,Student
7,Student
8,Student
9,Student
10,Student
11,Student
12,Student
13,Student
14,Student
15,Student
16,Student
17,Student
18,Student
19,Student
20,Student
21,Student
22,Student
23,Student
24,Student
25,Student
26,Student
27,Student
28,Student
29,Student
30,Student
31,Student
32,Student
33,Student
34,Student
35,Student
36,Student
37,Student
38,Student
39,Student
40,Student
41,Student
42,Student
43,Student
44,Student
45,Student
46,Student
47,Student
48,Student
49,Student
50,Student
51,Student
52,Student
53,Student
54,Student
55,Student
56,Student
57,Student
58,Student
59,Student
60,Student
61,Student
62,Student
63,Student
64,Student
65,Student
66,Student
67,Student
68,Student
69,Student
70,Student
71,Student
72,Student
73,Student
74,Student
75,Student
76,Student
77,Student
78,Student
79,Student
80,Student
81,Student
82,Student
83,Student
84,Student
85,Student
86,Student
87,Student
88,Student
89,Student
90,Student
91,Student
92,Student
93,Student
94,Student
95,Student
96,Student
97,Student
98,Student
99,Student
100,Office Worker
101,Office Worker
102,Office Worker
103,Office Worker
104,Office Worker
105,Office Worker
106,Office Worker
107,Office Worker
108,Office Worker
109,Office Worker
110,Office Worker
111,Office Worker
112,Office Worker
113,Office Worker
114,Office Worker
115,Office Worker
116,Office Worker
117,Office Worker
118,Office Worker
119,Office Worker
120,Office Worker
121,Office Worker
122,Office Worker
123,Office Worker
124,Office Worker
125,Office Worker
126,Office Worker
127,Office Worker
128,Office Worker
129,Office Worker
130,Office Worker
131,Office Worker
132,Office Worker
133,Office Worker
134,Office Worker
135,Office Worker
136,Office Worker
137,Office Worker
138,Office Worker
139,Office Worker
140,Office Worker
141,Office Worker
142,Office Worker
143,Office Worker
144,Office Worker
145,Office Worker
146,Office Worker
147,Office Worker
148,Office Worker
149,Office Worker
150,Office Worker
151,Office Worker
152,Office Worker
153,Office Worker
154,Office Worker
155,Office Worker
156,Office Worker
157,Office Worker
158,Office Worker
159,Office Worker
160,Office Worker
161,Office Worker
162,Office Worker
163,Office Worker
164,Office Worker
165,Office Worker
166,Office Worker
167,Office Worker
168,Office Worker
169,Office Worker
170,Office Worker
171,Office Worker
172,Office Worker
173,Office Worker
174,Office Worker
175,Office Worker
176,Office Worker
177,Office Worker
178,Office Worker
179,Office Worker
180,Office Worker
181,Office Worker
182,Office Worker
183,Office Worker
184,Office Worker
185,Office Worker
186,Office Worker
187,Office Worker
188,Office Worker
189,Office Worker
190,Office Worker
191,Office Worker
192,Office Worker
193,Office Worker
194,Office Worker
195,Office Worker
196,Office Worker
197,Office Worker
198,Office Worker
199,Office Worker
200,Gamer
201,Gamer
202,Gamer
203,Gamer
204,Gamer
205,Gamer
206,Gamer
207,Gamer
208,Gamer
209,Gamer
210,Gamer
211,Gamer
212,Gamer
213,Gamer
214,Gamer
215,Gamer
216,Gamer
217,Gamer
218,Gamer
219,Gamer
220,Gamer
221,Gamer
222,Gamer
223,Gamer
224,Gamer
225,Gamer
226,Gamer
227,Gamer
228,Gamer
229,Gamer
230,Gamer
231,Gamer
232,Gamer
233,Gamer
234,Gamer
235,Gamer
236,Gamer
237,Gamer
238,Gamer
239,Gamer
240,Gamer
241,Gamer
242,Gamer
243,Gamer
244,Gamer
245,Gamer
246,Gamer
247,Gamer
248,Gamer
249,Gamer
250,Gamer
251,Gamer
252,Gamer
253,Gamer
254,Gamer
255,Gamer
256,Gamer
257,Gamer
258,Gamer
259,Gamer
260,Gamer
261,Gamer
262,Gamer
263,Gamer
264,Gamer
265,Gamer
266,Gamer
267,Gamer
268,Gamer
269,Gamer
270,Gamer
271,Gamer
272,Gamer
273,Gamer
274,Gamer
275,Gamer
276,Gamer
277,Gamer
278,Gamer
279,Gamer
280,Gamer
281,Gamer
282,Gamer
283,Gamer
284,Gamer
285,Gamer
286,Gamer
287,Gamer
288,Gamer
289,Gamer
290,Gamer
291,Gamer
292,Gamer
293,Gamer
294,Gamer
295,Gamer
296,Gamer
297,Gamer
298,Gamer
299,Gamer
300,Designer / Editor
301,Designer / Editor
302,Designer / Editor
303,Designer / Editor
304,Designer / Editor
305,Designer / Editor
306,Designer / Editor
307,Designer / Editor
308,Designer / Editor
309,Designer / Editor
310,Designer / Editor
311,Designer / Editor
312,Designer / Editor
313,Designer / Editor
314,Designer / Editor
315,Designer / Editor
316,Designer / Editor
317,Designer / Editor
318,Designer / Editor
319,Designer / Editor
320,Designer / Editor
321,Designer / Editor
322,Designer / Editor
323,Designer / Editor
324,Designer / Editor
325,Designer / Editor
326,Designer / Editor
327,Designer / Editor
328,Designer / Editor
329,Designer / Editor
330,Designer / Editor
331,Designer / Editor
332,Designer / Editor
333,Designer / Editor
334,Designer / Editor
335,Designer / Editor
336,Designer / Editor
337,Designer / Editor
338,Designer / Editor
339,Designer / Editor
340,Designer / Editor
341,Designer / Editor
342,Designer / Editor
343,Designer / Editor
344,Designer / Editor
345,Designer / Editor
346,Designer / Editor
347,Designer / Editor
348,Designer / Editor
349,Designer / Editor
350,Reviewer / Tech Reviewer
351,Reviewer / Tech Reviewer
352,Reviewer / Tech Reviewer
353,Reviewer / Tech Reviewer
354,Reviewer / Tech Reviewer
355,Reviewer / Tech Reviewer
356,Reviewer / Tech Reviewer
357,Reviewer / Tech Reviewer
358,Reviewer / Tech Reviewer
359,Reviewer / Tech Reviewer
360,Reviewer / Tech Reviewer
361,Reviewer / Tech Reviewer
362,Reviewer / Tech Reviewer
363,Reviewer / Tech Reviewer
364,Reviewer / Tech Reviewer
365,Reviewer / Tech Reviewer
366,Reviewer / Tech Reviewer
367,Reviewer / Tech Reviewer
368,Reviewer / Tech Reviewer
369,Reviewer / Tech Reviewer
370,Reviewer / Tech Reviewer
371,Reviewer / Tech Reviewer
372,Reviewer / Tech Reviewer
373,Reviewer / Tech Reviewer
374,Reviewer / Tech Reviewer
375,Reviewer / Tech Reviewer
376,Reviewer / Tech Reviewer
377,Reviewer / Tech Reviewer
378,Reviewer / Tech Reviewer
379,Reviewer / Tech Reviewer
380,Reviewer / Tech Reviewer
381,Reviewer / Tech Reviewer
382,Reviewer / Tech Reviewer
383,Reviewer / Tech Reviewer
384,Reviewer / Tech Reviewer
385,Reviewer / Tech Reviewer
386,Reviewer / Tech Reviewer
387,Reviewer / Tech Reviewer
388,Reviewer / Tech Reviewer
389,Reviewer / Tech Reviewer
390,Reviewer / Tech Reviewer
391,Reviewer / Tech Reviewer
392,Reviewer / Tech Reviewer
393,Reviewer / Tech Reviewer
394,Reviewer / Tech Reviewer
395,Reviewer / Tech Reviewer
396,Reviewer / Tech Reviewer
397,Reviewer / Tech Reviewer
398,Reviewer / Tech Reviewer
399,Reviewer / Tech Reviewer
400,Casual User
401,Casual User
402,Casual User
403,Casual User
404,Casual User
405,Casual User
406,Casual User
407,Casual User
408,Casual User
409,Casual User
410,Casual User
411,Casual User
412,Casual User
413,Casual User
414,Casual User
415,Casual User
416,Casual User
417,Casual User
418,Casual User
419,Casual User
420,Casual User
421,Casual User
422,Casual User
423,Casual User
424,Casual User
425,Casual User
426,Casual User
427,Casual User
428,Casual User
429,Casual User
430,Casual User
431,Casual User
432,Casual User
433,Casual User
434,Casual User
435,Casual User
436,Casual User
437,Casual User
438,Casual User
439,Casual User
440,Casual User
441,Casual User
442,Casual User
443,Casual User
444,Casual User
445,Casual User
446,Casual User
447,Casual User
448,Casual User
449,Casual User
450,Casual User
451,Casual User
452,Casual User
453,Casual User
454,Casual User
455,Casual User
456,Casual User
457,Casual User
458,Casual User
459,Casual User
460,Casual User
461,Casual User
462,Casual User
463,Casual User
464,Casual User
465,Casual User
466,Casual User
467,Casual User
468,Casual User
469,Casual User
470,Casual User
471,Casual User
472,Casual User
473,Casual User
474,Casual User
475,Casual User
476,Casual User
477,Casual User
478,Casual User
479,Casual User
480,Casual User
481,Casual User
482,Casual User
483,Casual User
484,Casual User
485,Casual User
486,Casual User
487,Casual User
488,Casual User
489,Casual User
490,Casual User
491,Casual User
492,Casual User
493,Casual User
494,Casual User
495,Casual User
496,Casual User
497,Casual User
498,Casual User
499,Casual User
500,Reviewer / Tech Reviewer
501,Gamer
502,Casual User
503,Designer / Editor
504,Student
505,Casual User
506,Reviewer / Tech Reviewer
507,Reviewer / Tech Reviewer
508,Student
509,Gamer
510,Office Worker
511,Casual User
512,Designer / Editor
513,Casual User
514,Gamer
515,Office Worker
516,Gamer
517,Student
518,Casual User
519,Designer / Editor
520,Reviewer / Tech Reviewer
521,Office Worker
522,Casual User
523,Casual User
524,Reviewer / Tech Reviewer
525,Student
526,Gamer
527,Student
528,Student
529,Designer / Editor
530,Reviewer / Tech Reviewer
531,Casual User
532,Office Worker
533,Office Worker
534,Gamer
535,Student
536,Student
537,Gamer
538,Office Worker
539,Designer / Editor
540,Gamer
541,Casual User
542,Reviewer / Tech Reviewer
543,Office Worker
544,Casual User
545,Casual User
546,Office Worker
547,Office Worker
548,Designer / Editor
549,Student
550,Student
551,Student
552,Reviewer / Tech Reviewer
553,Designer / Editor
554,Reviewer / Tech Reviewer
555,Reviewer / Tech Reviewer
556,Gamer
557,Gamer
558,Student
559,Student
560,Designer / Editor
561,Gamer
562,Gamer
563,Reviewer / Tech Reviewer
564,Designer / Editor
565,Gamer
566,Gamer
567,Office Worker
568,Student
569,Gamer
570,Office Worker
571,Gamer
572,Casual User
573,Office Worker
574,Student
575,Office Worker
576,Office Worker
577,Designer / Editor
578,Gamer
579,Reviewer / Tech Reviewer
580,Designer / Editor
581,Gamer
582,Casual User
583,Student
584,Student
585,Student
586,Reviewer / Tech Reviewer
587,Gamer
588,Student
589,Gamer
590,Student
591,Designer / Editor
592,Gamer
593,Office Worker
594,Office Worker
595,Designer / Editor
596,Office Worker
597,Student
598,Student
599,Casual User
600,Casual User
601,Designer / Editor
602,Office Worker
603,Casual User
604,Reviewer / Tech Reviewer
605,Reviewer / Tech Reviewer
606,Gamer
607,Office Worker
608,Student
609,Casual User
610,Gamer
611,Office Worker
612,Office Worker
613,Gamer
614,Student
615,Casual User
616,Reviewer / Tech Reviewer
617,Reviewer / Tech Reviewer
618,Gamer
619,Designer / Editor
620,Gamer
621,Designer / Editor
622,Student
623,Gamer
624,Student
625,Gamer
626,Office Worker
627,Student
628,Student
629,Gamer
630,Student
631,Casual User
632,Gamer
633,Office Worker
634,Gamer
635,Student
636,Casual User
637,Gamer
638,Reviewer / Tech Reviewer
639,Student
640,Gamer
641,Gamer
642,Casual User
643,Gamer
644,Gamer
645,Office Worker
646,Office Worker
647,Gamer
648,Gamer
649,Student
650,Casual User
651,Casual User
652,Student
653,Gamer
654,Student
655,Designer / Editor
656,Office Worker
657,Designer / Editor
658,Reviewer / Tech Reviewer
659,Reviewer / Tech Reviewer
660,Student
661,Casual User
662,Office Worker
663,Student
664,Gamer
665,Office Worker
666,Casual User
667,Casual User
668,Office Worker
669,Casual User
670,Office Worker
671,Gamer
672,Office Worker
673,Casual User
674,Student
675,Student
676,Gamer
677,Casual User
678,Casual User
679,Reviewer / Tech Reviewer
680,Casual User
681,Casual User
682,Gamer
683,Office Worker
684,Reviewer / Tech Reviewer
685,Designer / Editor
686,Office Worker
687,Student
688,Reviewer / Tech Reviewer
689,Office Worker
690,Casual User
691,Office Worker
692,Student
693,Casual User
694,Student
695,Student
696,Gamer
697,Casual User
698,Student
699,Office Worker
700,Reviewer / Tech Reviewer
701,Casual User
702,Gamer
703,Student
704,Student
705,Office Worker
706,Student
707,Designer / Editor
708,Student
709,Gamer
710,Designer / Editor
711,Gamer
712,Student
713,Casual User
714,Reviewer / Tech Reviewer
715,Reviewer / Tech Reviewer
716,Student
717,Student
718,Casual User
719,Office Worker
720,Office Worker
721,Gamer
722,Designer / Editor
723,Casual User
724,Office Worker
725,Casual User
726,Student
727,Gamer
728,Designer / Editor
729,Student
730,Student
731,Gamer
732,Casual User
733,Gamer
734,Casual User
735,Casual User
736,Gamer
737,Reviewer / Tech Reviewer
738,Student
739,Student
740,Casual User
741,Reviewer / Tech Reviewer
742,Office Worker
743,Gamer
744,Designer / Editor
745,Casual User
746,Designer / Editor
747,Gamer
748,Office Worker
749,Gamer
750,Designer / Editor
751,Casual User
752,Gamer
753,Office Worker
754,Office Worker
755,Reviewer / Tech Reviewer
756,Casual User
757,Student
758,Student
759,Gamer
760,Student
761,Casual User
762,Office Worker
763,Student
764,Casual User
765,Student
766,Office Worker
767,Student
768,Student
769,Student
770,Student
771,Student
772,Student
773,Gamer
774,Designer / Editor
775,Office Worker
776,Office Worker
777,Gamer
778,Casual User
779,Casual User
780,Student
781,Student
782,Office Worker
783,Office Worker
784,Gamer
785,Gamer
786,Student
787,Office Worker
788,Gamer
789,Student
790,Casual User
791,Student
792,Casual User
793,Student
794,Casual User
795,Casual User
796,Casual User
797,Casual User
798,Reviewer / Tech Reviewer
799,Designer / Editor
800,Reviewer / Tech Reviewer
801,Student
802,Gamer
803,Gamer
804,Casual User
805,Gamer
806,Office Worker
807,Designer / Editor
808,Office Worker
809,Student
810,Gamer
811,Gamer
812,Office Worker
813,Office Worker
814,Office Worker
815,Office Worker
816,Office Worker
817,Designer / Editor
818,Office Worker
819,Casual User
820,Casual User
821,Gamer
822,Office Worker
823,Gamer
824,Casual User
825,Designer / Editor
826,Casual User
827,Gamer
828,Designer / Editor
829,Office Worker
830,Reviewer / Tech Reviewer
831,Office Worker
832,Designer / Editor
833,Casual User
834,Student
835,Designer / Editor
836,Student
837,Reviewer / Tech Reviewer
838,Student
839,Casual User
840,Student
841,Casual User
842,Casual User
843,Gamer
844,Reviewer / Tech Reviewer
845,Reviewer / Tech Reviewer
846,Casual User
847,Office Worker
848,Gamer
849,Student
850,Designer / Editor
851,Student
852,Gamer
853,Gamer
854,Gamer
855,Gamer
856,Reviewer / Tech Reviewer
857,Reviewer / Tech Reviewer
858,Gamer
859,Gamer
860,Casual User
861,Student
862,Student
863,Student
864,Designer / Editor
865,Gamer
866,Reviewer / Tech Reviewer
867,Designer / Editor
868,Office Worker
869,Casual User
870,Reviewer / Tech Reviewer
871,Office Worker
872,Office Worker
873,Office Worker
874,Student
875,Student
876,Casual User
877,Gamer
878,Office Worker
879,Reviewer / Tech Reviewer
880,Gamer
881,Casual User
882,Reviewer / Tech Reviewer
883,Gamer
884,Office Worker
885,Casual User
886,Reviewer / Tech Reviewer
887,Casual User
888,Student
889,Casual User
890,Designer / Editor
891,Student
892,Gamer
893,Designer / Editor
894,Student
895,Gamer
896,Casual User
897,Office Worker
898,Gamer
899,Gamer
900,Office Worker
901,Casual User
902,Reviewer / Tech Reviewer
903,Student
904,Casual User
905,Casual User
906,Office Worker
907,Casual User
908,Student
909,Casual User
910,Designer / Editor
911,Designer / Editor
912,Student
913,Casual User
914,Student
915,Office Worker
916,Student
917,Reviewer / Tech Reviewer
918,Student
919,Casual User
920,Designer / Editor
921,Student
922,Student
923,Student
924,Designer / Editor
925,Casual User
926,Office Worker
927,Casual User
928,Student
929,Casual User
930,Casual User
931,Reviewer / Tech Reviewer
932,Designer / Editor
933,Casual User
934,Student
935,Office Worker
936,Student
937,Gamer
938,Reviewer / Tech Reviewer
939,Designer / Editor
940,Casual User
941,Student
942,Reviewer / Tech Reviewer
943,Student
944,Office Worker
945,Reviewer / Tech Reviewer
946,Casual User
947,Designer / Editor
948,Student
949,Designer / Editor
950,Student
951,Casual User
952,Reviewer / Tech Reviewer
953,Student
954,Student
955,Student
956,Casual User
957,Gamer
958,Reviewer / Tech Reviewer
959,Designer / Editor
960,Gamer
961,Student
962,Casual User
963,Office Worker
964,Gamer
965,Designer / Editor
966,Designer / Editor
967,Casual User
968,Student
969,Gamer
970,Gamer
971,Gamer
972,Student
973,Student
974,Office Worker
975,Office Worker
976,Gamer
977,Designer / Editor
978,Designer / Editor
979,Gamer
980,Gamer
981,Office Worker
982,Gamer
983,Office Worker
984,Student
985,Gamer
986,Gamer
987,Office Worker
988,Gamer
989,Gamer
990,Reviewer / Tech Reviewer
991,Designer / Editor
992,Designer / Editor
993,Office Worker
994,Reviewer / Tech Reviewer
995,Gamer
996,Gamer
997,Designer / Editor
998,Office Worker
999,Gamer
1000,Reviewer / Tech Reviewer
1001,Casual User
1002,Casual User
1003,Gamer
1004,Gamer
1005,Reviewer / Tech Reviewer
1006,Office Worker
1007,Casual User
1008,Gamer
1009,Student
1010,Student
1011,Casual User
1012,Student
1013,Office Worker
1014,Office Worker
1015,Student
1016,Office Worker
1017,Reviewer / Tech Reviewer
1018,Student
1019,Casual User
1020,Casual User
1021,Office Worker
1022,Student
1023,Designer / Editor
1024,Student
1025,Office Worker
1026,Casual User
1027,Casual User
1028,Reviewer / Tech Reviewer
1029,Office Worker
1030,Designer / Editor
1031,Reviewer / Tech Reviewer
1032,Office Worker
1033,Designer / Editor
1034,Student
1035,Office Worker
1036,Gamer
1037,Student
1038,Student
1039,Casual User
1040,Casual User
1041,Gamer
1042,Casual User
1043,Casual User
1044,Student
1045,Gamer
1046,Office Worker
1047,Student
1048,Reviewer / Tech Reviewer
1049,Gamer
1050,Gamer
1051,Student
1052,Student
1053,Casual User
1054,Student
1055,Office Worker
1056,Office Worker
1057,Gamer
1058,Gamer
1059,Gamer
1060,Student
1061,Office Worker
1062,Casual User
1063,Designer / Editor
1064,Designer / Editor
1065,Designer / Editor
1066,Reviewer / Tech Reviewer
1067,Student
1068,Office Worker
1069,Gamer
1070,Office Worker
1071,Casual User
1072,Gamer
1073,Reviewer / Tech Reviewer
1074,Casual User
1075,Gamer
1076,Casual User
1077,Gamer
1078,Casual User
1079,Office Worker
1080,Gamer
1081,Gamer
1082,Student
1083,Office Worker
1084,Casual User
1085,Designer / Editor
1086,Student
1087,Office Worker
1088,Student
1089,Student
1090,Casual User
1091,Gamer
1092,Office Worker
1093,Gamer
1094,Student
1095,Office Worker
1096,Reviewer / Tech Reviewer
1097,Designer / Editor
1098,Casual User
1099,Designer / Editor
1100,Gamer
1101,Reviewer / Tech Reviewer
1102,Casual User
1103,Reviewer / Tech Reviewer
1104,Casual User
1105,Reviewer / Tech Reviewer
1106,Casual User
1107,Student
1108,Reviewer / Tech Reviewer
1109,Gamer
1110,Gamer
1111,Designer / Editor
1112,Casual User
1113,Casual User
1114,Office Worker
1115,Reviewer / Tech Reviewer
1116,Reviewer / Tech Reviewer
1117,Office Worker
1118,Student
1119,Student
1120,Reviewer / Tech Reviewer
1121,Gamer
1122,Casual User
1123,Gamer
1124,Casual User
1125,Gamer
1126,Reviewer / Tech Reviewer
1127,Student
1128,Gamer
1129,Casual User
1130,Casual User
1131,Casual User
1132,Student
1133,Office Worker
1134,Student
1135,Student
1136,Designer / Editor
1137,Reviewer / Tech Reviewer
1138,Reviewer / Tech Reviewer
1139,Casual User
1140,Reviewer / Tech Reviewer
1141,Casual User
1142,Student
1143,Office Worker
1144,Designer / Editor
1145,Casual User
1146,Student
1147,Gamer
1148,Designer / Editor
1149,Student
1150,Gamer
1151,Casual User
1152,Designer / Editor
1153,Office Worker
1154,Casual User
1155,Office Worker
1156,Casual User
1157,Office Worker
1158,Gamer
1159,Office Worker
1160,Office Worker
1161,Casual User
1162,Student
1163,Student
1164,Office Worker
1165,Reviewer / Tech Reviewer
1166,Casual User
1167,Casual User
1168,Office Worker
1169,Gamer
1170,Student
1171,Gamer
1172,Casual User
1173,Reviewer / Tech Reviewer
1174,Gamer
1175,Office Worker
1176,Casual User
1177,Gamer
1178,Student
1179,Office Worker
1180,Student
1181,Office Worker
1182,Student
1183,Gamer
1184,Designer / Editor
1185,Office Worker
1186,Gamer
1187,Casual User
1188,Reviewer / Tech Reviewer
1189,Gamer
1190,Office Worker
1191,Casual User
1192,Office Worker
1193,Office Worker
1194,Casual User
1195,Gamer
1196,Reviewer / Tech Reviewer
1197,Gamer
1198,Designer / Editor
1199,Office Worker
1200,Office Worker
1201,Office Worker
1202,Student
1203,Casual User
1204,Office Worker
1205,Gamer
1206,Reviewer / Tech Reviewer
1207,Reviewer / Tech Reviewer
1208,Gamer
1209,Gamer
1210,Casual User
1211,Designer / Editor
1212,Casual User
1213,Casual User
1214,Reviewer / Tech Reviewer
1215,Student
1216,Gamer
1217,Student
1218,Designer / Editor
1219,Casual User
1220,Gamer
1221,Gamer
1222,Student
1223,Casual User
1224,Student
1225,Student
1226,Office Worker
1227,Student
1228,Gamer
1229,Gamer
1230,Office Worker
1231,Student
1232,Student
1233,Office Worker
1234,Student
1235,Designer / Editor
1236,Office Worker
1237,Office Worker
1238,Office Worker
1239,Gamer
1240,Student
1241,Student
1242,Casual User
1243,Student
1244,Gamer
1245,Gamer
1246,Office Worker
1247,Gamer
1248,Reviewer / Tech Reviewer
1249,Casual User
1250,Office Worker
1251,Office Worker
1252,Office Worker
1253,Gamer
1254,Designer / Editor
1255,Office Worker
1256,Office Worker
1257,Casual User
1258,Student
1259,Gamer
1260,Reviewer / Tech Reviewer
1261,Student
1262,Student
1263,Student
1264,Casual User
1265,Student
1266,Student
1267,Student
1268,Student
1269,Designer / Editor
1270,Office Worker
1271,Gamer
1272,Gamer
1273,Casual User
1274,Student
1275,Casual User
1276,Designer / Editor
1277,Student
1278,Reviewer / Tech Reviewer
1279,Casual User
1280,Office Worker
1281,Casual User
1282,Gamer
1283,Designer / Editor
1284,Casual User
1285,Office Worker
1286,Casual User
1287,Office Worker
1288,Reviewer / Tech Reviewer
1289,Designer / Editor
1290,Office Worker
1291,Gamer
1292,Office Worker
1293,Student
1294,Student
1295,Office Worker
1296,Student
1297,Student
1298,Reviewer / Tech Reviewer
1299,Reviewer / Tech Reviewer
1300,Reviewer / Tech Reviewer
1301,Office Worker
1302,Casual User
1303,Gamer
1304,Student
1305,Student
1306,Designer / Editor
1307,Student
1308,Gamer
1309,Casual User
1310,Student
1311,Student
1312,Casual User
1313,Gamer
1314,Student
1315,Casual User
1316,Casual User
1317,Gamer
1318,Designer / Editor
1319,Office Worker
1320,Student
1321,Gamer
1322,Office Worker
1323,Designer / Editor
1324,Casual User
1325,Student
1326,Gamer
1327,Office Worker
1328,Casual User
1329,Office Worker
1330,Designer / Editor
1331,Gamer
1332,Office Worker
1333,Designer / Editor
1334,Reviewer / Tech Reviewer
1335,Gamer
1336,Reviewer / Tech Reviewer
1337,Casual User
1338,Gamer
1339,Gamer
1340,Student
1341,Reviewer / Tech Reviewer
1342,Gamer
1343,Gamer
1344,Student
1345,Casual User
1346,Office Worker
1347,Designer / Editor
1348,Student
1349,Casual User
1350,Student
1351,Student
1352,Casual User
1353,Casual User
1354,Office Worker
1355,Gamer
1356,Reviewer / Tech Reviewer
1357,Casual User
1358,Office Worker
1359,Gamer
1360,Reviewer / Tech Reviewer
1361,Reviewer / Tech Reviewer
1362,Reviewer / Tech Reviewer
1363,Gamer
1364,Student
1365,Casual User
1366,Casual User
1367,Reviewer / Tech Reviewer
1368,Student
1369,Office Worker
1370,Reviewer / Tech Reviewer
1371,Student
1372,Casual User
1373,Office Worker
1374,Reviewer / Tech Reviewer
1375,Casual User
1376,Office Worker
1377,Office Worker
1378,Designer / Editor
1379,Gamer
1380,Gamer
1381,Designer / Editor
1382,Casual User
1383,Gamer
1384,Student
1385,Office Worker
1386,Office Worker
1387,Student
1388,Student
1389,Designer / Editor
1390,Office Worker
1391,Casual User
1392,Office Worker
1393,Student
1394,Reviewer / Tech Reviewer
1395,Casual User
1396,Office Worker
1397,Office Worker
1398,Student
1399,Gamer
1400,Gamer
1401,Office Worker
1402,Student
1403,Gamer
1404,Casual User
1405,Designer / Editor
1406,Gamer
1407,Student
1408,Office Worker
1409,Office Worker
1410,Reviewer / Tech Reviewer
1411,Casual User
1412,Casual User
1413,Casual User
1414,Casual User
1415,Casual User
1416,Student
1417,Student
1418,Office Worker
1419,Gamer
1420,Student
1421,Casual User
1422,Designer / Editor
1423,Gamer
1424,Student
1425,Office Worker
1426,Student
1427,Casual User
1428,Gamer
1429,Reviewer / Tech Reviewer
1430,Office Worker
1431,Office Worker
1432,Gamer
1433,Reviewer / Tech Reviewer
1434,Reviewer / Tech Reviewer
1435,Office Worker
1436,Casual User
1437,Student
1438,Casual User
1439,Student
1440,Office Worker
1441,Casual User
1442,Student
1443,Gamer
1444,Gamer
1445,Office Worker
1446,Reviewer / Tech Reviewer
1447,Casual User
1448,Casual User
1449,Office Worker
1450,Gamer
1451,Office Worker
1452,Office Worker
1453,Student
1454,Casual User
1455,Casual User
1456,Reviewer / Tech Reviewer
1457,Gamer
1458,Gamer
1459,Gamer
1460,Gamer
1461,Gamer
1462,Student
1463,Student
1464,Casual User
1465,Gamer
1466,Casual User
1467,Student
1468,Gamer
1469,Office Worker
1470,Office Worker
1471,Student
1472,Student
1473,Casual User
1474,Office Worker
1475,Designer / Editor
1476,Gamer
1477,Gamer
1478,Gamer
1479,Student
1480,Casual User
1481,Casual User
1482,Reviewer / Tech Reviewer
1483,Gamer
1484,Student
1485,Casual User
1486,Office Worker
1487,Student
1488,Office Worker
1489,Reviewer / Tech Reviewer
1490,Designer / Editor
1491,Reviewer / Tech Reviewer
1492,Reviewer / Tech Reviewer
1493,Office Worker
1494,Casual User
1495,Gamer
1496,Designer / Editor
1497,Student
1498,Casual User
1499,Office Worker
1500,Student
1501,Gamer
1502,Student
1503,Student
1504,Designer / Editor
1505,Office Worker
1506,Casual User
1507,Office Worker
1508,Reviewer / Tech Reviewer
1509,Gamer
1510,Designer / Editor
1511,Gamer
1512,Gamer
1513,Casual User
1514,Office Worker
1515,Student
1516,Designer / Editor
1517,Casual User
1518,Student
1519,Gamer
1520,Casual User
1521,Reviewer / Tech Reviewer
1522,Casual User
1523,Gamer
1524,Designer / Editor
1525,Office Worker
1526,Casual User
1527,Office Worker
1528,Reviewer / Tech Reviewer
1529,Gamer
1530,Gamer
1531,Reviewer / Tech Reviewer
1532,Gamer
1533,Casual User
1534,Gamer
1535,Designer / Editor
1536,Office Worker
1537,Gamer
1538,Gamer
1539,Student
1540,Student
1541,Designer / Editor
1542,Designer / Editor
1543,Designer / Editor
1544,Student
1545,Office Worker
1546,Student
1547,Reviewer / Tech Reviewer
1548,Casual User
1549,Office Worker
1550,Designer / Editor
1551,Student
1552,Office Worker
1553,Student
1554,Office Worker
1555,Designer / Editor
1556,Casual User
1557,Office Worker
1558,Gamer
1559,Reviewer / Tech Reviewer
1560,Casual User
1561,Designer / Editor
1562,Office Worker
1563,Designer / Editor
1564,Office Worker
1565,Casual User
1566,Office Worker
1567,Designer / Editor
1568,Student
1569,Gamer
1570,Casual User
1571,Designer / Editor
1572,Gamer
1573,Casual User
1574,Casual User
1575,Office Worker
1576,Gamer
1577,Gamer
1578,Designer / Editor
1579,Office Worker
1580,Office Worker
1581,Casual User
1582,Casual User
1583,Casual User
1584,Casual User
1585,Reviewer / Tech Reviewer
1586,Reviewer / Tech Reviewer
1587,Reviewer / Tech Reviewer
1588,Gamer
1589,Gamer
1590,Office Worker
1591,Designer / Editor
1592,Office Worker
1593,Office Worker
1594,Gamer
1595,Gamer
1596,Office Worker
1597,Casual User
1598,Casual User
1599,Student
1600,Student
1601,Office Worker
1602,Reviewer / Tech Reviewer
1603,Casual User
1604,Student
1605,Reviewer / Tech Reviewer
1606,Student
1607,Office Worker
1608,Casual User
1609,Student
1610,Student
1611,Gamer
1612,Designer / Editor
1613,Casual User
1614,Casual User
1615,Student
1616,Student
1617,Reviewer / Tech Reviewer
1618,Office Worker
1619,Casual User
1620,Designer / Editor
1621,Student
1622,Casual User
1623,Student
1624,Gamer
1625,Gamer
1626,Gamer
1627,Designer / Editor
1628,Designer / Editor
1629,Casual User
1630,Casual User
1631,Gamer
1632,Student
1633,Reviewer / Tech Reviewer
1634,Casual User
1635,Office Worker
1636,Gamer
1637,Gamer
1638,Student
1639,Designer / Editor
1640,Office Worker
1641,Reviewer / Tech Reviewer
1642,Casual User
1643,Casual User
1644,Gamer
1645,Office Worker
1646,Reviewer / Tech Reviewer
1647,Casual User
1648,Gamer
1649,Casual User
1650,Student
1651,Casual User
1652,Student
1653,Student
1654,Gamer
1655,Student
1656,Student
1657,Student
1658,Gamer
1659,Reviewer / Tech Reviewer
1660,Student
1661,Designer / Editor
1662,Casual User
1663,Student
1664,Student
1665,Casual User
1666,Casual User
1667,Gamer
1668,Casual User
1669,Student
1670,Office Worker
1671,Reviewer / Tech Reviewer
1672,Office Worker
1673,Reviewer / Tech Reviewer
1674,Gamer
1675,Reviewer / Tech Reviewer
1676,Gamer
1677,Office Worker
1678,Office Worker
1679,Office Worker
1680,Reviewer / Tech Reviewer
1681,Student
1682,Student
1683,Student
1684,Student
1685,Casual User
1686,Office Worker
1687,Casual User
1688,Student
1689,Designer / Editor
1690,Gamer
1691,Office Worker
1692,Casual User
1693,Casual User
1694,Casual User
1695,Student
1696,Office Worker
1697,Designer / Editor
1698,Office Worker
1699,Reviewer / Tech Reviewer
1700,Gamer
1701,Gamer
1702,Casual User
1703,Reviewer / Tech Reviewer
1704,Student
1705,Student
1706,Designer / Editor
1707,Gamer
1708,Office Worker
1709,Gamer
1710,Reviewer / Tech Reviewer
1711,Casual User
1712,Gamer
1713,Office Worker
1714,Office Worker
1715,Gamer
1716,Office Worker
1717,Gamer
1718,Designer / Editor
1719,Student
1720,Student
1721,Office Worker
1722,Casual User
1723,Designer / Editor
1724,Student
1725,Casual User
1726,Gamer
1727,Gamer
1728,Casual User
1729,Student
1730,Office Worker
1731,Gamer
1732,Student
1733,Designer / Editor
1734,Office Worker
1735,Student
1736,Office Worker
1737,Gamer
1738,Student
1739,Student
1740,Casual User
1741,Office Worker
1742,Office Worker
1743,Student
1744,Office Worker
1745,Office Worker
1746,Designer / Editor
1747,Office Worker
1748,Casual User
1749,Casual User
1750,Student
1751,Student
1752,Student
1753,Designer / Editor
1754,Student
1755,Casual User
1756,Reviewer / Tech Reviewer
1757,Casual User
1758,Gamer
1759,Casual User
1760,Student
1761,Gamer
1762,Office Worker
1763,Casual User
1764,Gamer
1765,Casual User
1766,Student
1767,Casual User
1768,Gamer
1769,Gamer
1770,Casual User
1771,Office Worker
1772,Office Worker
1773,Gamer
1774,Student
1775,Office Worker
1776,Student
1777,Student
1778,Casual User
1779,Gamer
1780,Office Worker
1781,Gamer
1782,Gamer
1783,Designer / Editor
1784,Casual User
1785,Casual User
1786,Office Worker
1787,Office Worker
1788,Gamer
1789,Gamer
1790,Gamer
1791,Designer / Editor
1792,Gamer
1793,Office Worker
1794,Office Worker
1795,Office Worker
1796,Student
1797,Student
1798,Reviewer / Tech Reviewer
1799,Office Worker
1800,Office Worker
1801,Gamer
1802,Reviewer / Tech Reviewer
1803,Office Worker
1804,Casual User
1805,Casual User
1806,Gamer
1807,Designer / Editor
1808,Student
1809,Casual User
1810,Office Worker
1811,Casual User
1812,Gamer
1813,Student
1814,Student
1815,Designer / Editor
1816,Gamer
1817,Student
1818,Reviewer / Tech Reviewer
1819,Casual User
1820,Gamer
1821,Gamer
1822,Student
1823,Reviewer / Tech Reviewer
1824,Office Worker
1825,Casual User
1826,Office Worker
1827,Gamer
1828,Office Worker
1829,Student
1830,Reviewer / Tech Reviewer
1831,Gamer
1832,Gamer
1833,Casual User
1834,Casual User
1835,Casual User
1836,Student
1837,Gamer
1838,Casual User
1839,Office Worker
1840,Student
1841,Casual User
1842,Gamer
1843,Gamer
1844,Casual User
1845,Designer / Editor
1846,Gamer
1847,Office Worker
1848,Gamer
1849,Student
1850,Reviewer / Tech Reviewer
1851,Casual User
1852,Office Worker
1853,Office Worker
1854,Casual User
1855,Student
1856,Gamer
1857,Gamer
1858,Designer / Editor
1859,Student
1860,Designer / Editor
1861,Office Worker
1862,Designer / Editor
1863,Student
1864,Gamer
1865,Gamer
1866,Office Worker
1867,Student
1868,Student
1869,Office Worker
1870,Student
1871,Casual User
1872,Gamer
1873,Casual User
1874,Casual User
1875,Student
1876,Designer / Editor
1877,Casual User
1878,Designer / Editor
1879,Gamer
1880,Gamer
1881,Student
1882,Gamer
1883,Casual User
1884,Casual User
1885,Student
1886,Reviewer / Tech Reviewer
1887,Office Worker
1888,Casual User
1889,Student
1890,Casual User
1891,Casual User
1892,Student
1893,Student
1894,Casual User
1895,Student
1896,Gamer
1897,Casual User
1898,Gamer
1899,Office Worker
1900,Gamer
1901,Student
1902,Casual User
1903,Office Worker
1904,Student
1905,Office Worker
1906,Casual User
1907,Student
1908,Casual User
1909,Reviewer / Tech Reviewer
1910,Casual User
1911,Casual User
1912,Casual User
1913,Casual User
1914,Student
1915,Reviewer / Tech Reviewer
1916,Gamer
1917,Gamer
1918,Casual User
1919,Casual User
1920,Reviewer / Tech Reviewer
1921,Gamer
1922,Gamer
1923,Office Worker
1924,Office Worker
1925,Office Worker
1926,Student
1927,Student
1928,Reviewer / Tech Reviewer
1929,Gamer
1930,Casual User
1931,Designer / Editor
1932,Student
1933,Student
1934,Office Worker
1935,Casual User
1936,Office Worker
1937,Gamer
1938,Casual User
1939,Casual User
1940,Office Worker
1941,Student
1942,Student
1943,Student
1944,Student
1945,Gamer
1946,Casual User
1947,Gamer
1948,Designer / Editor
1949,Office Worker
1950,Casual User
1951,Designer / Editor
1952,Casual User
1953,Casual User
1954,Office Worker
1955,Student
1956,Office Worker
1957,Gamer
1958,Casual User
1959,Office Worker
1960,Reviewer / Tech Reviewer
1961,Gamer
1962,Student
1963,Office Worker
1964,Designer / Editor
1965,Designer / Editor
1966,Gamer
1967,Office Worker
1968,Reviewer / Tech Reviewer
1969,Student
1970,Casual User
1971,Student
1972,Student
1973,Gamer
1974,Gamer
1975,Gamer
1976,Gamer
1977,Casual User
1978,Gamer
1979,Gamer
1980,Gamer
1981,Student
1982,Gamer
1983,Office Worker
1984,Designer / Editor
1985,Student
1986,Casual User
1987,Gamer
1988,Casual User
1989,Gamer
1990,Student
1991,Casual User
1992,Designer / Editor
1993,Reviewer / Tech Reviewer
1994,Gamer
1995,Designer / Editor
1996,Casual User
1997,Designer / Editor
1998,Office Worker
1999,Designer / Editor
